{
  "hash": "f800faed",
  "configHash": "19e71879",
  "lockfileHash": "6ccd5b3a",
  "browserHash": "afabfca8",
  "optimized": {
    "@angular/common": {
      "src": "../../../../../node_modules/@angular/common/fesm2022/common.mjs",
      "file": "@angular_common.js",
      "fileHash": "ddab69be",
      "needsInterop": false
    },
    "@angular/common/http": {
      "src": "../../../../../node_modules/@angular/common/fesm2022/http.mjs",
      "file": "@angular_common_http.js",
      "fileHash": "32c171f7",
      "needsInterop": false
    },
    "@angular/core": {
      "src": "../../../../../node_modules/@angular/core/fesm2022/core.mjs",
      "file": "@angular_core.js",
      "fileHash": "b9d8913d",
      "needsInterop": false
    },
    "@angular/forms": {
      "src": "../../../../../node_modules/@angular/forms/fesm2022/forms.mjs",
      "file": "@angular_forms.js",
      "fileHash": "fb93bc46",
      "needsInterop": false
    },
    "@angular/platform-browser": {
      "src": "../../../../../node_modules/@angular/platform-browser/fesm2022/platform-browser.mjs",
      "file": "@angular_platform-browser.js",
      "fileHash": "8d9537ed",
      "needsInterop": false
    },
    "@angular/router": {
      "src": "../../../../../node_modules/@angular/router/fesm2022/router.mjs",
      "file": "@angular_router.js",
      "fileHash": "18869dfc",
      "needsInterop": false
    },
    "angular-toastify": {
      "src": "../../../../../node_modules/angular-toastify/fesm2015/angular-toastify.js",
      "file": "angular-toastify.js",
      "fileHash": "d67c7fcf",
      "needsInterop": false
    }
  },
  "chunks": {
    "chunk-QSXOFLVL": {
      "file": "chunk-QSXOFLVL.js"
    },
    "chunk-SKF45S4X": {
      "file": "chunk-SKF45S4X.js"
    },
    "chunk-5IPOJP64": {
      "file": "chunk-5IPOJP64.js"
    },
    "chunk-IMHRZ32E": {
      "file": "chunk-IMHRZ32E.js"
    }
  }
}